{"cameraMode":{"drawMode":0,"name":"Shaded","section":"Shading Mode"},"sceneLighting":true,"audioPlay":false,"sceneViewState":{"m_AlwaysRefresh":false,"showFog":true,"showSkybox":true,"showFlares":true,"showImageEffects":true,"showParticleSystems":true,"showVisualEffectGraphs":true,"m_FxEnabled":true},"in2DMode":false,"pivot":{"x":585.8914184570313,"y":430.2273864746094,"z":1149.5838623046875},"rotation":{"x":0.09033756703138352,"y":0.05765439197421074,"z":0.005149072967469692,"w":-0.9942983984947205},"size":894.8569946289063,"orthographic":false}